k_leak,J_12,J_61
0.01,20.509360631618318,20.505296082923472
1.0,20.608030513892288,20.203104848261265
100.0,27.750636020620394,-1.6721900952339277
